day,hour,user_id,persona,channel,keyword,event,revenue,cost,touches,journey_days,competitors_faced
0,1,user_00158,crisis_parent,retargeting,digital wellbeing kids,click,0,0.5,1,0,0
0,1,user_02696,crisis_parent,search,block inappropriate content,click,0,0.5,1,0,1
0,2,user_01812,crisis_parent,search,monitor kids phone,click,0,0.676787050310676,1,0,1
0,3,user_03482,crisis_parent,retargeting,digital wellbeing kids,click,0,0.5,1,0,1
0,4,user_04360,crisis_parent,search,kids online safety,click,0,0.5,1,0,1
0,4,user_04773,crisis_parent,search,kids online safety,click,0,0.5,1,0,2
0,5,user_00675,crisis_parent,retargeting,block inappropriate content,click,0,0.5,1,0,0
0,5,user_00834,crisis_parent,search,youtube kids alternative,click,0,0.5,1,0,0
0,5,user_04751,crisis_parent,retargeting,child phone monitoring,click,0,0.5136574602817914,1,0,1
0,6,user_00747,crisis_parent,retargeting,parental control app,click,0,0.781589519157589,1,0,2
0,6,user_02074,crisis_parent,retargeting,family internet filter,click,0,0.5333600160049241,1,0,3
0,7,user_01437,crisis_parent,retargeting,parental control app,click,0,0.5,1,0,0
0,8,user_01569,crisis_parent,retargeting,monitor kids phone,click,0,1.5105958314420174,1,0,2
0,8,user_01870,crisis_parent,retargeting,social media monitoring,click,0,0.9485234048699384,1,0,2
0,9,user_01772,crisis_parent,search,screen time limits,click,0,1.1850654704038948,1,0,4
0,9,user_04575,crisis_parent,search,kids online safety,click,0,0.5,1,0,1
0,10,user_01997,crisis_parent,search,kids online safety,click,0,0.5,1,0,0
0,11,user_04368,crisis_parent,search,digital wellbeing kids,click,0,1.5560312364319322,1,0,1
0,12,user_00424,crisis_parent,search,family internet filter,click,0,1.5722760942193705,1,0,3
0,13,user_02696,crisis_parent,retargeting,monitor kids phone,click,0,0.5,2,0,2
0,14,user_02928,crisis_parent,search,kids online safety,click,0,1.142373151978703,1,0,2
0,15,user_03913,crisis_parent,retargeting,digital wellbeing kids,click,0,0.6028782838210063,1,0,2
0,16,user_02499,crisis_parent,retargeting,child phone monitoring,click,0,0.5,1,0,2
0,16,user_03458,crisis_parent,retargeting,monitor kids phone,click,0,0.5,1,0,2
0,17,user_01347,crisis_parent,search,social media monitoring,click,0,1.100008523022632,1,0,3
0,18,user_03189,crisis_parent,retargeting,parental control app,conversion,180,0.6000498333615996,1,0,2
0,20,user_00103,new_parent,social,digital wellbeing kids,click,0,0.8782189139256288,1,0,2
0,20,user_00512,concerned_parent,search,kids online safety,click,0,1.4571652697893958,1,0,3
0,20,user_00824,crisis_parent,search,screen time limits,click,0,1.5993895133573999,1,0,1
0,21,user_00068,concerned_parent,search,screen time limits,click,0,0.7389844131131539,1,0,1
0,21,user_00196,concerned_parent,social,monitor kids phone,click,0,0.5,1,0,0
0,21,user_00877,concerned_parent,search,screen time limits,click,0,0.5,1,0,0
0,22,user_01272,concerned_parent,social,block inappropriate content,click,0,1.505834524633875,1,0,3
1,0,user_00895,crisis_parent,retargeting,monitor kids phone,click,0,0.5,1,0,1
1,0,user_02734,crisis_parent,search,monitor kids phone,click,0,0.5,1,0,0
1,1,user_04058,crisis_parent,search,kids online safety,click,0,0.5,1,0,0
1,1,user_04192,crisis_parent,search,kids online safety,click,0,1.3526331448465894,1,0,2
1,2,user_03880,crisis_parent,search,kids online safety,click,0,0.5,1,0,1
1,2,user_04387,crisis_parent,retargeting,social media monitoring,click,0,0.5,1,0,0
1,3,user_01115,crisis_parent,retargeting,kids online safety,click,0,0.6203181451113056,1,0,3
1,4,user_01344,crisis_parent,retargeting,family internet filter,conversion,180,0.5172647009772331,1,0,2
1,4,user_01766,crisis_parent,search,child phone monitoring,click,0,0.564771154489724,1,0,2
1,4,user_02845,crisis_parent,retargeting,monitor kids phone,click,0,0.5,1,0,0
1,6,user_01345,crisis_parent,search,parental control app,conversion,180,0.44333333333333336,1,0,1
1,7,user_01043,crisis_parent,search,screen time limits,click,0,0.7708472769090667,1,0,2
1,9,user_02396,crisis_parent,retargeting,kids online safety,click,0,0.9792902465183234,1,0,1
1,12,user_00916,tech_savvy_parent,video,social media monitoring,click,0,0.5,1,0,0
1,13,user_00325,crisis_parent,search,block inappropriate content,conversion,180,0.5,1,0,3
1,14,user_01768,crisis_parent,retargeting,family internet filter,click,0,0.5,1,0,1
1,17,user_00007,crisis_parent,retargeting,digital wellbeing kids,click,0,0.8885394096672241,1,0,1
1,17,user_02123,crisis_parent,search,youtube kids alternative,click,0,1.3043628936104166,1,0,2
1,17,user_03243,crisis_parent,retargeting,block inappropriate content,click,0,0.5,1,0,1
1,18,user_00580,crisis_parent,search,digital wellbeing kids,click,0,0.5,1,0,2
1,18,user_01569,crisis_parent,retargeting,parental control app,click,0,1.0319970853104081,2,1,1
1,18,user_03982,crisis_parent,search,digital wellbeing kids,click,0,0.9376561146734413,1,0,4
1,19,user_01226,budget_conscious,display,family internet filter,click,0,0.5,1,0,1
1,20,user_00674,tech_savvy_parent,video,digital wellbeing kids,click,0,1.3517093790373795,1,0,1
1,20,user_00860,tech_savvy_parent,search,digital wellbeing kids,click,0,0.5,1,0,0
1,22,user_00276,crisis_parent,retargeting,youtube kids alternative,click,0,0.5,1,0,0
1,22,user_00558,concerned_parent,search,child phone monitoring,click,0,0.5,1,0,1
1,22,user_01012,concerned_parent,social,family internet filter,click,0,0.5,1,0,0
1,23,user_03651,crisis_parent,search,block inappropriate content,click,0,0.5,1,0,3
1,23,user_04024,crisis_parent,search,social media monitoring,click,0,1.2832350914315889,1,0,1
2,0,user_00095,crisis_parent,retargeting,child phone monitoring,click,0,0.5,1,0,0
2,0,user_01230,crisis_parent,retargeting,screen time limits,click,0,0.5,1,0,1
2,1,user_01970,crisis_parent,search,monitor kids phone,click,0,0.5,1,0,1
2,1,user_04067,crisis_parent,search,social media monitoring,click,0,1.0928885629228073,1,0,1
2,3,user_00905,crisis_parent,retargeting,social media monitoring,click,0,0.51,1,0,1
2,3,user_01798,crisis_parent,retargeting,kids online safety,click,0,0.7016758387333374,1,0,2
2,5,user_01766,crisis_parent,retargeting,child phone monitoring,click,0,0.5,2,1,0
2,5,user_02331,crisis_parent,retargeting,monitor kids phone,click,0,0.5,1,0,0
2,7,user_01579,crisis_parent,search,social media monitoring,click,0,1.518974260160858,1,0,3
2,7,user_03208,crisis_parent,retargeting,youtube kids alternative,click,0,0.7725018655387178,1,0,1
2,7,user_03245,crisis_parent,retargeting,social media monitoring,click,0,0.7677769621948758,1,0,1
2,9,user_00678,crisis_parent,retargeting,screen time limits,click,0,0.5,1,0,0
2,11,user_00039,crisis_parent,search,block inappropriate content,conversion,180,1.309449094981329,1,0,1
2,11,user_04425,crisis_parent,search,child phone monitoring,click,0,1.5573369315826073,1,0,1
2,12,user_01632,tech_savvy_parent,video,social media monitoring,click,0,0.5,1,0,0
2,12,user_03017,tech_savvy_parent,search,digital wellbeing kids,click,0,0.5,1,0,1
2,12,user_03161,crisis_parent,retargeting,child phone monitoring,click,0,0.7476290278752393,1,0,2
2,12,user_03304,tech_savvy_parent,video,youtube kids alternative,click,0,0.9866160085791219,1,0,1
2,13,user_00424,crisis_parent,retargeting,social media monitoring,click,0,2.4054367760712823,2,2,1
2,13,user_01316,crisis_parent,retargeting,parental control app,click,0,0.5,1,0,0
2,15,user_00171,crisis_parent,retargeting,kids online safety,click,0,0.5,1,0,0
2,16,user_03012,crisis_parent,search,social media monitoring,click,0,0.5,1,0,0
2,17,user_04925,crisis_parent,retargeting,block inappropriate content,click,0,0.5,1,0,2
2,21,user_01287,crisis_parent,retargeting,youtube kids alternative,click,0,0.9645092248082021,1,0,1
2,23,user_03748,crisis_parent,retargeting,child phone monitoring,click,0,0.6329988575928357,1,0,1
3,0,user_00678,crisis_parent,retargeting,parental control app,click,0,1.8179605971858057,2,1,1
3,1,user_00732,crisis_parent,retargeting,monitor kids phone,click,0,1.5792905519008167,1,0,1
3,1,user_04773,crisis_parent,search,social media monitoring,click,0,0.9005861286125972,2,3,2
3,3,user_01134,crisis_parent,retargeting,child phone monitoring,click,0,0.51,1,0,2
3,3,user_03458,crisis_parent,search,social media monitoring,click,0,0.5,2,3,1
3,3,user_04987,crisis_parent,search,kids online safety,click,0,0.5,1,0,0
3,4,user_00675,crisis_parent,retargeting,screen time limits,click,0,0.5,2,3,0
3,5,user_01214,crisis_parent,retargeting,child phone monitoring,click,0,0.5,1,0,0
3,5,user_03280,crisis_parent,search,kids online safety,click,0,0.5,1,0,1
3,9,user_04818,crisis_parent,retargeting,kids online safety,click,0,1.4698304474746493,1,0,1
3,11,user_02752,crisis_parent,search,parental control app,click,0,1.3160741260030526,1,0,1
3,11,user_02803,crisis_parent,retargeting,social media monitoring,click,0,0.6725975238760852,1,0,2
3,13,user_00504,tech_savvy_parent,video,block inappropriate content,click,0,0.5,1,0,1
3,13,user_02865,tech_savvy_parent,search,block inappropriate content,click,0,0.5,1,0,0
3,16,user_04815,crisis_parent,retargeting,parental control app,click,0,0.7131534442801709,1,0,1
3,17,user_04605,crisis_parent,retargeting,kids online safety,click,0,0.677928992828622,1,0,2
3,18,user_02396,crisis_parent,search,social media monitoring,click,0,0.6727804906555512,2,2,1
3,18,user_02752,crisis_parent,search,digital wellbeing kids,click,0,0.5,2,0,1
3,18,user_03292,crisis_parent,search,kids online safety,conversion,180,1.3760012437421374,1,0,2
3,20,user_00098,concerned_parent,search,youtube kids alternative,click,0,1.3022264738689813,1,0,4
3,20,user_00961,tech_savvy_parent,search,family internet filter,click,0,0.5,1,0,0
3,21,user_00089,crisis_parent,search,social media monitoring,click,0,0.5,1,0,0
3,21,user_00476,concerned_parent,search,social media monitoring,click,0,0.5,1,0,1
3,21,user_01093,concerned_parent,social,kids online safety,click,0,0.5,1,0,0
3,22,user_00003,concerned_parent,social,parental control app,click,0,1.3525886421624076,1,0,2
3,22,user_00589,crisis_parent,retargeting,monitor kids phone,click,0,0.5,1,0,0
3,22,user_01530,crisis_parent,search,monitor kids phone,click,0,0.5,1,0,0
3,22,user_01967,crisis_parent,search,kids online safety,click,0,0.5,1,0,2
4,0,user_04856,crisis_parent,search,kids online safety,click,0,0.5,1,0,1
4,0,user_04921,crisis_parent,retargeting,monitor kids phone,click,0,1.118186516716703,1,0,2
4,1,user_02398,crisis_parent,retargeting,kids online safety,click,0,0.5,1,0,0
4,3,user_03956,crisis_parent,search,youtube kids alternative,click,0,0.51,1,0,2
4,4,user_01631,crisis_parent,retargeting,social media monitoring,click,0,0.5,1,0,0
4,4,user_02432,crisis_parent,retargeting,child phone monitoring,click,0,0.44333333333333336,1,0,2
4,5,user_00642,crisis_parent,retargeting,child phone monitoring,click,0,0.51,1,0,2
4,6,user_03202,crisis_parent,search,monitor kids phone,click,0,0.5,1,0,2
4,7,user_02074,crisis_parent,retargeting,block inappropriate content,click,0,1.542856375333743,2,4,2
4,8,user_03768,crisis_parent,search,youtube kids alternative,click,0,1.3960672152375921,1,0,3
4,9,user_04246,crisis_parent,retargeting,family internet filter,click,0,0.5,1,0,0
4,11,user_01110,crisis_parent,search,screen time limits,click,0,0.7987792641070408,1,0,2
4,12,user_02541,crisis_parent,retargeting,child phone monitoring,click,0,1.1716069999152308,1,0,2
4,14,user_01812,crisis_parent,search,youtube kids alternative,click,0,0.7462022546832301,2,4,1
4,14,user_02079,crisis_parent,retargeting,digital wellbeing kids,click,0,1.0960175133293768,1,0,3
4,15,user_02079,crisis_parent,retargeting,screen time limits,click,0,0.5,2,0,0
4,15,user_04356,crisis_parent,search,kids online safety,click,0,0.8974954629340025,1,0,1
4,16,user_01970,crisis_parent,search,kids online safety,click,0,0.8814420667742463,2,2,1
4,17,user_02424,crisis_parent,retargeting,youtube kids alternative,click,0,0.5,1,0,0
4,18,user_00930,crisis_parent,retargeting,kids online safety,click,0,1.2506398593566512,1,0,2
4,18,user_04137,crisis_parent,search,family internet filter,click,0,0.5,1,0,1
4,19,user_01008,budget_conscious,display,screen time limits,click,0,0.5,1,0,0
4,21,user_00095,crisis_parent,retargeting,child phone monitoring,click,0,1.4328523713357044,2,2,1
4,21,user_01197,new_parent,social,social media monitoring,click,0,0.7421567050285938,1,0,2
4,21,user_01342,concerned_parent,social,kids online safety,click,0,1.25407494397201,1,0,3
4,22,user_01158,concerned_parent,search,social media monitoring,click,0,1.449174533618283,1,0,3
4,22,user_01726,concerned_parent,search,family internet filter,click,0,0.5,1,0,1
4,23,user_03809,crisis_parent,retargeting,family internet filter,click,0,1.5504667805385632,1,0,3
5,0,user_04425,crisis_parent,retargeting,parental control app,click,0,1.1476874945484508,2,3,1
5,0,user_04819,crisis_parent,retargeting,digital wellbeing kids,conversion,180,0.9757044918237948,1,0,2
5,1,user_01631,crisis_parent,retargeting,child phone monitoring,click,0,1.8993161184036411,2,1,3
5,1,user_02597,crisis_parent,search,child phone monitoring,click,0,0.5,1,0,1
5,2,user_02529,crisis_parent,retargeting,monitor kids phone,click,0,0.6408073430286668,1,0,3
5,2,user_04802,crisis_parent,search,child phone monitoring,click,0,0.5,1,0,1
5,3,user_00525,crisis_parent,retargeting,social media monitoring,click,0,0.510315774627488,1,0,3
5,3,user_02660,crisis_parent,retargeting,parental control app,click,0,0.5,1,0,1
5,7,user_02004,crisis_parent,retargeting,screen time limits,click,0,0.5,1,0,1
5,8,user_00398,crisis_parent,search,kids online safety,click,0,1.0955790977257582,1,0,2
5,8,user_04280,crisis_parent,retargeting,family internet filter,click,0,0.5,1,0,1
5,9,user_04236,crisis_parent,search,youtube kids alternative,click,0,0.5,1,0,1
5,10,user_03637,crisis_parent,search,youtube kids alternative,click,0,0.9922588309498135,1,0,1
5,11,user_01016,crisis_parent,search,screen time limits,click,0,0.6594289937555736,1,0,2
5,12,user_00168,crisis_parent,retargeting,monitor kids phone,click,0,0.5,1,0,1
5,12,user_00565,tech_savvy_parent,video,block inappropriate content,click,0,0.5,1,0,1
5,12,user_02746,crisis_parent,search,family internet filter,click,0,1.1470664592576836,1,0,1
5,13,user_00006,tech_savvy_parent,search,social media monitoring,click,0,0.5,1,0,0
5,13,user_02013,tech_savvy_parent,search,child phone monitoring,click,0,0.5,1,0,1
5,14,user_01418,crisis_parent,retargeting,social media monitoring,click,0,0.5,1,0,0
5,15,user_01327,crisis_parent,retargeting,monitor kids phone,click,0,1.503899639431826,1,0,1
5,15,user_01552,crisis_parent,retargeting,family internet filter,click,0,0.8676826559353659,1,0,2
5,15,user_03555,crisis_parent,retargeting,parental control app,click,0,1.0524510249489336,1,0,1
5,16,user_01271,crisis_parent,retargeting,screen time limits,click,0,1.3230294033126548,1,0,1
5,18,user_00039,crisis_parent,search,social media monitoring,click,0,1.1554913689066766,1,0,2
5,18,user_02688,crisis_parent,retargeting,family internet filter,click,0,0.5,1,0,0
5,18,user_03653,crisis_parent,retargeting,parental control app,click,0,0.5659356071877152,1,0,2
5,22,user_00049,crisis_parent,retargeting,digital wellbeing kids,click,0,0.9424175386023548,1,0,1
5,22,user_00359,crisis_parent,retargeting,block inappropriate content,click,0,0.5,1,0,1
5,22,user_00611,concerned_parent,search,social media monitoring,click,0,0.5,1,0,0
5,23,user_04820,crisis_parent,retargeting,child phone monitoring,conversion,180,0.7561103373846007,1,0,3
6,0,user_00796,crisis_parent,retargeting,social media monitoring,click,0,0.5,1,0,0
6,2,user_01001,crisis_parent,search,monitor kids phone,click,0,0.5200406595529219,1,0,1
6,2,user_01529,crisis_parent,search,screen time limits,click,0,0.5,1,0,0
6,2,user_04605,crisis_parent,search,parental control app,click,0,0.5,2,3,0
6,3,user_00851,crisis_parent,retargeting,social media monitoring,click,0,0.5,1,0,1
6,3,user_03795,crisis_parent,retargeting,child phone monitoring,click,0,0.51,1,0,1
6,4,user_00424,crisis_parent,retargeting,kids online safety,click,0,0.5188145493353212,3,6,1
6,4,user_04417,crisis_parent,retargeting,child phone monitoring,click,0,0.5,1,0,1
6,9,user_04945,crisis_parent,retargeting,monitor kids phone,click,0,0.5,1,0,0
6,10,user_02195,crisis_parent,search,family internet filter,click,0,0.5,1,0,0
6,10,user_02752,crisis_parent,retargeting,family internet filter,click,0,0.9888440432580728,3,3,4
6,13,user_00943,tech_savvy_parent,video,digital wellbeing kids,click,0,0.9942952042948734,1,0,3
6,13,user_00961,tech_savvy_parent,search,family internet filter,click,0,0.5,2,3,2
6,14,user_03250,crisis_parent,retargeting,digital wellbeing kids,click,0,0.5,1,0,1
6,15,user_04080,crisis_parent,retargeting,social media monitoring,click,0,1.1045455374120676,1,0,3
6,17,user_02340,crisis_parent,retargeting,kids online safety,click,0,1.0259997623994934,1,0,1
6,18,user_01246,crisis_parent,retargeting,monitor kids phone,click,0,1.2721776508799916,1,0,1
6,18,user_01986,crisis_parent,retargeting,block inappropriate content,click,0,0.5,1,0,1
6,18,user_04762,crisis_parent,retargeting,block inappropriate content,click,0,1.541133346137887,1,0,3
6,19,user_00798,tech_savvy_parent,search,digital wellbeing kids,click,0,0.5,1,0,0
6,19,user_00989,crisis_parent,retargeting,screen time limits,click,0,1.2077413275459272,1,0,2
6,19,user_01314,budget_conscious,display,monitor kids phone,conversion,144,0.5,1,0,1
6,20,user_00879,tech_savvy_parent,video,block inappropriate content,click,0,0.5,1,0,1
6,22,user_00346,concerned_parent,search,social media monitoring,click,0,1.0333666557047227,1,0,2
6,22,user_00466,concerned_parent,search,social media monitoring,click,0,0.5,1,0,0
6,23,user_01744,crisis_parent,retargeting,child phone monitoring,click,0,1.2534969976712986,1,0,2
6,23,user_04080,crisis_parent,retargeting,child phone monitoring,click,0,0.5,2,0,0
7,0,user_04921,crisis_parent,search,parental control app,click,0,0.5,2,3,0
7,3,user_01530,crisis_parent,search,screen time limits,click,0,0.44333333333333336,2,4,1
7,4,user_01207,crisis_parent,retargeting,child phone monitoring,click,0,0.5,1,0,1
7,4,user_02660,crisis_parent,retargeting,digital wellbeing kids,click,0,0.7996371591790523,2,2,1
7,4,user_04751,crisis_parent,retargeting,digital wellbeing kids,click,0,1.0206453642279867,2,7,3
7,5,user_03913,crisis_parent,search,block inappropriate content,click,0,0.9241773832140662,2,7,2
7,6,user_00468,crisis_parent,search,youtube kids alternative,click,0,0.44333333333333336,1,0,1
7,6,user_01356,crisis_parent,search,family internet filter,click,0,0.51,1,0,2
7,6,user_02628,crisis_parent,search,digital wellbeing kids,click,0,0.51,1,0,1
7,6,user_04179,crisis_parent,retargeting,child phone monitoring,click,0,0.51,1,0,2
7,7,user_01970,crisis_parent,retargeting,family internet filter,click,0,3.4465612467669358,3,5,3
7,7,user_03335,crisis_parent,retargeting,youtube kids alternative,click,0,0.5,1,0,0
7,8,user_01863,crisis_parent,search,social media monitoring,click,0,0.9734975843008602,1,0,2
7,8,user_02882,crisis_parent,search,block inappropriate content,click,0,0.5,1,0,0
7,10,user_02529,crisis_parent,retargeting,kids online safety,click,0,1.7969815896942793,2,2,3
7,12,user_00965,tech_savvy_parent,search,parental control app,click,0,0.5,1,0,0
7,12,user_01316,crisis_parent,search,youtube kids alternative,click,0,0.5,2,5,2
7,13,user_03173,crisis_parent,retargeting,child phone monitoring,click,0,0.7981612776116934,1,0,1
7,15,user_01552,crisis_parent,retargeting,screen time limits,click,0,1.067315658946436,2,2,3
7,16,user_01685,crisis_parent,retargeting,block inappropriate content,click,0,0.5,1,0,0
7,16,user_02541,crisis_parent,retargeting,child phone monitoring,click,0,0.5,2,3,0
7,17,user_02790,crisis_parent,retargeting,family internet filter,click,0,0.5,1,0,0
7,18,user_02771,crisis_parent,retargeting,child phone monitoring,click,0,0.5,1,0,0
7,19,user_00267,crisis_parent,search,social media monitoring,click,0,0.5,1,0,2
7,20,user_00042,tech_savvy_parent,search,child phone monitoring,click,0,1.2061902030038967,1,0,2
7,20,user_00493,tech_savvy_parent,search,monitor kids phone,click,0,0.5,1,0,1
7,20,user_00542,tech_savvy_parent,search,kids online safety,click,0,0.5,1,0,0
7,21,user_00802,concerned_parent,search,child phone monitoring,click,0,0.5,1,0,0
8,0,user_03178,crisis_parent,retargeting,digital wellbeing kids,click,0,0.5,1,0,0
8,1,user_01319,crisis_parent,search,monitor kids phone,click,0,0.5,1,0,1
8,2,user_04544,crisis_parent,search,child phone monitoring,click,0,0.6694854916273971,1,0,2
8,3,user_00398,crisis_parent,search,digital wellbeing kids,click,0,0.5,2,3,1
8,3,user_02589,crisis_parent,retargeting,kids online safety,click,0,0.5,1,0,1
8,3,user_02914,crisis_parent,retargeting,youtube kids alternative,click,0,0.6692170411218893,1,0,2
8,4,user_01195,crisis_parent,retargeting,family internet filter,click,0,0.44333333333333336,1,0,2
8,5,user_02366,crisis_parent,retargeting,parental control app,click,0,0.4766666666666667,1,0,2
8,6,user_03526,crisis_parent,retargeting,social media monitoring,click,0,0.5366685582463181,1,0,2
8,8,user_01889,crisis_parent,retargeting,kids online safety,click,0,1.1328699699299702,1,0,2
8,9,user_04651,crisis_parent,retargeting,family internet filter,click,0,1.5228684951449847,1,0,3
8,10,user_02652,crisis_parent,search,social media monitoring,click,0,0.5,1,0,0
8,11,user_04067,crisis_parent,retargeting,parental control app,click,0,0.6497840552345822,2,6,1
8,12,user_00972,tech_savvy_parent,video,youtube kids alternative,click,0,0.5,1,0,2
8,14,user_04170,crisis_parent,search,social media monitoring,click,0,0.5,1,0,0
8,14,user_04859,crisis_parent,search,family internet filter,click,0,1.1326829246625782,1,0,1
8,15,user_01309,crisis_parent,retargeting,child phone monitoring,click,0,0.5,1,0,0
8,16,user_01271,crisis_parent,retargeting,block inappropriate content,click,0,1.4188375615526738,2,3,1
8,17,user_00757,crisis_parent,search,digital wellbeing kids,click,0,1.615196386059799,1,0,2
8,17,user_00930,crisis_parent,retargeting,youtube kids alternative,click,0,0.614704178713249,2,4,2
8,17,user_02120,crisis_parent,retargeting,parental control app,click,0,1.049913627990417,1,0,2
8,17,user_02662,crisis_parent,search,family internet filter,click,0,0.5,1,0,1
8,20,user_00321,crisis_parent,retargeting,monitor kids phone,click,0,1.5525477082673098,1,0,2
8,21,user_00046,concerned_parent,search,parental control app,click,0,0.9886611972623797,1,0,3
8,21,user_00059,crisis_parent,search,social media monitoring,click,0,1.1290571548233694,1,0,2
8,22,user_01887,crisis_parent,retargeting,parental control app,click,0,1.2679899850477865,1,0,2
8,23,user_00072,crisis_parent,search,youtube kids alternative,click,0,0.8509059630747723,1,0,2
8,23,user_01552,crisis_parent,retargeting,digital wellbeing kids,click,0,0.5,3,3,0
9,1,user_02079,crisis_parent,retargeting,social media monitoring,click,0,1.225965501958581,3,5,2
9,1,user_02119,crisis_parent,search,child phone monitoring,click,0,0.5,1,0,0
9,2,user_00398,crisis_parent,retargeting,block inappropriate content,click,0,0.5,3,4,0
9,2,user_03637,crisis_parent,search,youtube kids alternative,click,0,0.4766666666666667,2,4,1
9,3,user_00682,crisis_parent,search,monitor kids phone,click,0,0.5,1,0,1
9,4,user_02004,crisis_parent,retargeting,monitor kids phone,click,0,0.5,2,4,2
9,5,user_02589,crisis_parent,retargeting,social media monitoring,click,0,1.0831648318247418,2,1,1
9,5,user_03030,crisis_parent,retargeting,social media monitoring,click,0,0.5,1,0,1
9,5,user_03626,crisis_parent,retargeting,parental control app,click,0,0.51,1,0,3
9,6,user_01309,crisis_parent,retargeting,kids online safety,click,0,0.5,2,1,1
9,6,user_02397,crisis_parent,search,social media monitoring,click,0,0.44333333333333336,1,0,2
9,7,user_00150,crisis_parent,search,youtube kids alternative,click,0,1.3615689692204833,1,0,2
9,8,user_00325,crisis_parent,retargeting,social media monitoring,click,0,0.5,1,0,0
9,8,user_03674,crisis_parent,retargeting,family internet filter,click,0,0.5,1,0,1
9,8,user_03809,crisis_parent,search,parental control app,click,0,0.6973025178775608,2,5,1
9,9,user_01916,crisis_parent,retargeting,youtube kids alternative,click,0,0.5,1,0,1
9,10,user_02882,crisis_parent,retargeting,parental control app,click,0,0.5,2,2,0
9,10,user_03189,crisis_parent,retargeting,child phone monitoring,click,0,1.3160309591526524,1,0,2
9,10,user_03775,crisis_parent,retargeting,family internet filter,click,0,0.5,1,0,2
9,10,user_04911,crisis_parent,search,monitor kids phone,click,0,0.5,1,0,0
9,11,user_02200,crisis_parent,search,parental control app,click,0,1.1251862602076486,1,0,3
9,12,user_00067,crisis_parent,search,screen time limits,click,0,1.213473193284167,1,0,2
9,12,user_00089,crisis_parent,search,parental control app,click,0,0.5,2,6,1
9,12,user_00747,crisis_parent,retargeting,social media monitoring,click,0,0.5,2,9,0
9,13,user_00757,crisis_parent,retargeting,kids online safety,conversion,180,2.1151963860597993,2,1,0
9,13,user_02908,crisis_parent,search,screen time limits,click,0,1.0133120938489821,1,0,1
9,13,user_03279,crisis_parent,search,family internet filter,conversion,180,0.5,1,0,0
9,13,user_03412,tech_savvy_parent,search,monitor kids phone,click,0,0.5,1,0,2
9,14,user_00424,crisis_parent,search,child phone monitoring,click,0,3.983815024457196,4,9,3
9,14,user_01356,crisis_parent,retargeting,social media monitoring,click,0,1.978561454724801,2,2,2
9,14,user_04089,crisis_parent,retargeting,social media monitoring,click,0,0.6628119879641294,1,0,3
9,16,user_00856,crisis_parent,search,parental control app,click,0,0.5,1,0,0
9,17,user_03674,crisis_parent,search,screen time limits,click,0,1.20742925684616,2,0,1
9,18,user_01316,crisis_parent,retargeting,digital wellbeing kids,click,0,0.8761010589877609,3,7,2
9,18,user_02826,crisis_parent,retargeting,social media monitoring,click,0,0.5,1,0,0
9,19,user_01350,new_parent,display,child phone monitoring,click,0,0.5,1,0,0
9,20,user_00274,crisis_parent,search,screen time limits,click,0,0.5,1,0,0
9,20,user_00511,tech_savvy_parent,video,social media monitoring,click,0,0.8599412771961763,1,0,2
9,20,user_00618,crisis_parent,search,monitor kids phone,click,0,0.5,1,0,0
9,21,user_00957,concerned_parent,search,family internet filter,click,0,0.5,1,0,0
9,22,user_01270,concerned_parent,search,kids online safety,click,0,1.133277747972747,1,0,2
9,22,user_01541,concerned_parent,search,screen time limits,click,0,0.5,1,0,0
9,23,user_02806,crisis_parent,retargeting,social media monitoring,click,0,0.5,1,0,0
9,23,user_04839,crisis_parent,search,social media monitoring,click,0,0.5,1,0,0
10,0,user_00072,crisis_parent,search,youtube kids alternative,click,0,0.5,2,2,1
10,0,user_04605,crisis_parent,retargeting,child phone monitoring,click,0,1.0327813092944287,3,7,2
10,1,user_01863,crisis_parent,search,monitor kids phone,click,0,0.5,2,3,1
10,3,user_00089,crisis_parent,retargeting,kids online safety,click,0,0.7247908703560455,3,7,2
10,3,user_00392,crisis_parent,retargeting,digital wellbeing kids,click,0,0.5,1,0,0
10,5,user_03622,crisis_parent,retargeting,family internet filter,click,0,0.5,1,0,1
10,6,user_00796,crisis_parent,search,social media monitoring,click,0,0.44333333333333336,2,4,2
10,6,user_02802,crisis_parent,retargeting,kids online safety,click,0,0.647373834751068,1,0,3
10,7,user_00002,crisis_parent,retargeting,youtube kids alternative,click,0,1.2813081513446076,1,0,2
10,7,user_01869,crisis_parent,search,monitor kids phone,click,0,0.5,1,0,0
10,7,user_04618,crisis_parent,search,screen time limits,click,0,0.9007925362411183,1,0,2
10,10,user_01530,crisis_parent,retargeting,block inappropriate content,click,0,0.5,3,7,0
10,10,user_02664,crisis_parent,retargeting,screen time limits,click,0,1.113212858016468,1,0,1
10,10,user_03748,crisis_parent,retargeting,monitor kids phone,click,0,1.9138771927208609,2,8,1
10,10,user_04060,crisis_parent,search,digital wellbeing kids,click,0,1.2422363963850287,1,0,2
10,10,user_04181,crisis_parent,retargeting,youtube kids alternative,click,0,0.7606312163043384,1,0,1
10,11,user_02529,crisis_parent,retargeting,youtube kids alternative,click,0,0.5,3,5,0
10,11,user_04414,crisis_parent,retargeting,digital wellbeing kids,conversion,180,0.5,1,0,2
10,12,user_02171,tech_savvy_parent,video,monitor kids phone,click,0,0.5,1,0,0
10,14,user_00007,crisis_parent,retargeting,social media monitoring,click,0,0.5,2,9,0
10,15,user_01579,crisis_parent,retargeting,monitor kids phone,click,0,0.5,2,8,1
10,15,user_02289,crisis_parent,retargeting,block inappropriate content,click,0,0.5,1,0,0
10,15,user_02619,crisis_parent,retargeting,social media monitoring,click,0,1.5803869923316185,1,0,3
10,15,user_04751,crisis_parent,search,monitor kids phone,click,0,2.272911765903397,3,10,3
10,16,user_00067,crisis_parent,search,parental control app,click,0,0.6892825972399432,2,1,1
10,16,user_03913,crisis_parent,retargeting,social media monitoring,conversion,180,4.346617285942868,3,10,3
10,17,user_01091,crisis_parent,retargeting,digital wellbeing kids,click,0,1.4776834724917485,1,0,2
10,17,user_04618,crisis_parent,search,child phone monitoring,conversion,180,1.8295965697872396,2,0,1
10,18,user_01246,crisis_parent,retargeting,parental control app,click,0,1.000112178159345,2,4,1
10,18,user_02357,crisis_parent,retargeting,youtube kids alternative,click,0,0.5,1,0,0
10,18,user_02547,crisis_parent,retargeting,digital wellbeing kids,click,0,0.5,1,0,0
10,18,user_04314,crisis_parent,search,child phone monitoring,click,0,0.5,1,0,1
10,18,user_04326,crisis_parent,retargeting,social media monitoring,click,0,1.2137300896146084,1,0,1
10,22,user_02059,crisis_parent,retargeting,family internet filter,click,0,1.8313293172601894,1,0,1
10,23,user_01377,crisis_parent,search,parental control app,click,0,0.5,1,0,1
10,23,user_04417,crisis_parent,retargeting,child phone monitoring,click,0,0.5,2,4,0
11,1,user_00150,crisis_parent,retargeting,child phone monitoring,click,0,0.5,2,2,0
11,3,user_02413,crisis_parent,retargeting,monitor kids phone,click,0,0.5,1,0,1
11,6,user_03922,crisis_parent,retargeting,social media monitoring,click,0,0.5,1,0,0
11,6,user_04362,crisis_parent,search,family internet filter,click,0,0.6664763147709561,1,0,1
11,7,user_00757,crisis_parent,retargeting,child phone monitoring,click,0,0.5,1,0,1
11,7,user_01569,crisis_parent,search,screen time limits,click,0,0.5,3,11,0
11,10,user_04592,crisis_parent,search,monitor kids phone,click,0,0.5,1,0,1
11,12,user_00860,tech_savvy_parent,video,kids online safety,click,0,0.5,2,10,4
11,12,user_01770,tech_savvy_parent,search,monitor kids phone,click,0,0.5,1,0,1
11,12,user_02195,crisis_parent,retargeting,social media monitoring,click,0,1.0458912827543894,2,5,2
11,13,user_02391,tech_savvy_parent,search,digital wellbeing kids,click,0,0.5,1,0,0
11,14,user_01949,crisis_parent,retargeting,screen time limits,click,0,0.5,1,0,0
11,15,user_00677,crisis_parent,retargeting,block inappropriate content,click,0,1.256834879130291,1,0,1
11,15,user_01420,crisis_parent,search,youtube kids alternative,click,0,1.461089524006714,1,0,3
11,15,user_04179,crisis_parent,retargeting,social media monitoring,click,0,1.0927146064879567,2,4,1
11,17,user_01088,crisis_parent,search,block inappropriate content,click,0,0.5,1,0,1
11,17,user_01287,crisis_parent,search,kids online safety,conversion,180,1.4645092248082021,2,9,0
11,17,user_02790,crisis_parent,search,parental control app,click,0,0.5,2,4,0
11,19,user_00808,tech_savvy_parent,search,block inappropriate content,click,0,0.5,1,0,2
11,20,user_00168,crisis_parent,search,digital wellbeing kids,click,0,1.6907175681665683,2,6,2
11,20,user_00674,tech_savvy_parent,search,block inappropriate content,click,0,1.8250685964111366,2,10,2
11,22,user_00494,concerned_parent,search,social media monitoring,click,0,1.1920088097908474,1,0,1
11,23,user_02920,crisis_parent,search,block inappropriate content,click,0,0.5,1,0,1
12,0,user_01853,crisis_parent,retargeting,youtube kids alternative,click,0,0.5,1,0,0
12,0,user_04734,crisis_parent,search,digital wellbeing kids,click,0,0.5,1,0,0
12,1,user_03622,crisis_parent,retargeting,child phone monitoring,click,0,0.665073504486465,2,2,2
12,2,user_04067,crisis_parent,retargeting,child phone monitoring,click,0,0.51,3,10,1
12,3,user_02388,crisis_parent,search,child phone monitoring,click,0,0.671126753880522,1,0,2
12,5,user_02304,crisis_parent,retargeting,youtube kids alternative,click,0,0.6536439599727751,1,0,2
12,5,user_03086,crisis_parent,retargeting,block inappropriate content,click,0,0.5,1,0,2
12,6,user_03806,crisis_parent,retargeting,parental control app,click,0,0.44333333333333336,1,0,1
12,8,user_01390,crisis_parent,retargeting,child phone monitoring,click,0,0.8745681697427418,1,0,2
12,9,user_00618,crisis_parent,retargeting,youtube kids alternative,click,0,2.142893785773642,2,3,4
12,9,user_02552,crisis_parent,search,monitor kids phone,click,0,0.5,1,0,1
12,12,user_00721,tech_savvy_parent,search,screen time limits,click,0,0.9227466753803798,1,0,2
12,12,user_01841,tech_savvy_parent,search,screen time limits,click,0,0.9531425168861994,1,0,2
12,12,user_02676,crisis_parent,search,screen time limits,click,0,0.5,1,0,1
12,13,user_03416,crisis_parent,search,child phone monitoring,click,0,1.4716225728980632,1,0,2
12,14,user_04359,crisis_parent,search,kids online safety,click,0,0.5,1,0,0
12,16,user_03250,crisis_parent,retargeting,monitor kids phone,click,0,0.5,2,6,0
12,17,user_02359,crisis_parent,retargeting,youtube kids alternative,click,0,0.5,1,0,0
12,17,user_04427,crisis_parent,retargeting,family internet filter,click,0,0.9554459407963947,1,0,2
12,18,user_01798,crisis_parent,retargeting,family internet filter,click,0,1.9460034414986478,2,10,2
12,18,user_03748,crisis_parent,search,child phone monitoring,click,0,2.6076808448592947,3,10,3
12,18,user_04093,crisis_parent,retargeting,block inappropriate content,click,0,0.5,1,0,0
12,20,user_00795,concerned_parent,social,family internet filter,click,0,0.5,1,0,0
12,20,user_00803,concerned_parent,social,kids online safety,click,0,0.5,1,0,0
12,21,user_00424,crisis_parent,retargeting,family internet filter,conversion,180,9.725953155441422,5,12,1
12,21,user_00517,concerned_parent,social,block inappropriate content,click,0,0.5,1,0,2
12,22,user_00363,concerned_parent,search,social media monitoring,click,0,1.2713287946587095,1,0,1
12,23,user_01730,crisis_parent,search,monitor kids phone,click,0,1.4763125958088759,1,0,3
13,0,user_03242,crisis_parent,retargeting,family internet filter,click,0,1.1412774502629848,1,0,3
13,1,user_03330,crisis_parent,search,digital wellbeing kids,click,0,1.3461153310248855,1,0,2
13,1,user_03391,crisis_parent,retargeting,monitor kids phone,click,0,0.5,1,0,1
13,2,user_01640,crisis_parent,retargeting,screen time limits,click,0,0.51,1,0,1
13,3,user_02660,crisis_parent,search,digital wellbeing kids,click,0,1.2907360936495,3,8,2
13,4,user_03702,crisis_parent,search,kids online safety,click,0,0.7158921872642106,1,0,2
13,6,user_04661,crisis_parent,search,screen time limits,click,0,0.5,1,0,0
13,7,user_01585,crisis_parent,search,monitor kids phone,click,0,0.5,1,0,0
13,7,user_02269,crisis_parent,retargeting,screen time limits,click,0,0.7549341346740754,1,0,1
13,8,user_02628,crisis_parent,retargeting,child phone monitoring,click,0,0.9089021087299701,2,6,2
13,9,user_00150,crisis_parent,retargeting,parental control app,click,0,2.590210732648647,3,4,2
13,9,user_03189,crisis_parent,retargeting,kids online safety,conversion,180,2.1731913301206927,2,4,2
13,12,user_03324,tech_savvy_parent,search,family internet filter,click,0,0.9594646634357001,1,0,1
13,13,user_00084,crisis_parent,retargeting,youtube kids alternative,click,0,1.0009586285993355,1,0,3
13,13,user_00618,crisis_parent,search,monitor kids phone,click,0,1.6634036502372096,3,4,1
13,13,user_01678,crisis_parent,search,youtube kids alternative,click,0,0.5,1,0,1
13,14,user_02022,crisis_parent,retargeting,family internet filter,click,0,0.5,1,0,0
13,17,user_02676,crisis_parent,search,youtube kids alternative,click,0,1.324809128769756,2,1,2
13,17,user_04592,crisis_parent,search,block inappropriate content,click,0,2.558938952339265,2,2,1
13,19,user_00382,tech_savvy_parent,video,block inappropriate content,click,0,0.5,1,0,1
13,19,user_01106,tech_savvy_parent,video,social media monitoring,click,0,0.5,1,0,1
13,20,user_00223,tech_savvy_parent,search,monitor kids phone,click,0,0.5,1,0,0
13,20,user_00628,concerned_parent,search,social media monitoring,click,0,0.9958350258001866,1,0,2
13,22,user_02243,concerned_parent,search,block inappropriate content,click,0,0.5,1,0,1
13,23,user_00424,crisis_parent,search,family internet filter,click,0,1.3913879391545414,1,0,2
13,23,user_00505,crisis_parent,search,kids online safety,click,0,1.0811896840350557,1,0,3
14,0,user_01688,crisis_parent,retargeting,social media monitoring,click,0,0.9512280135957948,1,0,3
14,1,user_00350,crisis_parent,retargeting,screen time limits,click,0,0.7511371649791179,1,0,1
14,1,user_00359,crisis_parent,retargeting,screen time limits,click,0,0.5,2,9,0
14,1,user_01569,crisis_parent,retargeting,digital wellbeing kids,click,0,0.5,4,14,0
14,1,user_01659,crisis_parent,retargeting,child phone monitoring,click,0,0.5,1,0,1
14,1,user_04093,crisis_parent,retargeting,parental control app,click,0,2.331332967973267,2,2,1
14,3,user_04339,crisis_parent,search,kids online safety,click,0,0.6087510496658423,1,0,2
14,4,user_00468,crisis_parent,retargeting,parental control app,click,0,1.33489604555733,2,7,2
14,6,user_03090,crisis_parent,retargeting,child phone monitoring,click,0,0.51,1,0,1
14,6,user_04173,crisis_parent,search,monitor kids phone,click,0,0.5,1,0,0
14,7,user_00817,crisis_parent,retargeting,screen time limits,click,0,0.5,1,0,0
14,7,user_01744,crisis_parent,retargeting,social media monitoring,click,0,0.7150316717251409,2,8,2
14,8,user_03480,crisis_parent,search,kids online safety,click,0,0.5,1,0,1
14,9,user_04137,crisis_parent,search,family internet filter,click,0,1.7259823734213016,2,10,2
14,9,user_04353,crisis_parent,search,digital wellbeing kids,click,0,0.5,1,0,1
14,10,user_03012,crisis_parent,retargeting,kids online safety,click,0,0.5,2,12,0
14,10,user_03167,crisis_parent,retargeting,child phone monitoring,click,0,0.7029869190074491,1,0,3
14,10,user_04594,crisis_parent,search,family internet filter,click,0,0.5,1,0,0
14,11,user_00310,crisis_parent,search,youtube kids alternative,click,0,0.8406013338229684,1,0,1
14,11,user_04414,crisis_parent,retargeting,parental control app,click,0,0.5,1,0,0
14,12,user_02664,crisis_parent,retargeting,parental control app,click,0,2.59085237465751,2,4,2
14,13,user_02036,tech_savvy_parent,search,youtube kids alternative,click,0,0.5,1,0,0
14,13,user_03061,tech_savvy_parent,video,screen time limits,click,0,0.6471893344472937,1,0,1
14,14,user_02499,crisis_parent,search,screen time limits,click,0,0.5,2,14,0
14,15,user_02397,crisis_parent,retargeting,family internet filter,click,0,1.827079502882107,2,5,3
14,16,user_03982,crisis_parent,retargeting,child phone monitoring,click,0,0.7440856215020571,2,13,2
14,17,user_00817,crisis_parent,search,block inappropriate content,click,0,1.588630992256057,2,0,1
14,17,user_01133,crisis_parent,retargeting,digital wellbeing kids,click,0,1.1826207496798318,1,0,3
14,18,user_00987,crisis_parent,retargeting,monitor kids phone,click,0,1.3846827837301348,1,0,1
14,20,user_00008,tech_savvy_parent,video,kids online safety,click,0,1.2406307867955808,1,0,2
14,20,user_00070,concerned_parent,search,digital wellbeing kids,click,0,0.5,1,0,0
14,21,user_00665,concerned_parent,search,social media monitoring,click,0,1.2176903537604977,1,0,1
14,22,user_01909,crisis_parent,retargeting,parental control app,click,0,1.3354686244817258,1,0,1
14,22,user_01950,concerned_parent,search,block inappropriate content,click,0,0.5,1,0,1
15,0,user_02908,crisis_parent,retargeting,screen time limits,click,0,0.6184727901783612,2,6,2
15,0,user_03364,crisis_parent,retargeting,social media monitoring,click,0,0.5,1,0,0
15,0,user_04254,crisis_parent,search,youtube kids alternative,click,0,0.9796272690514422,1,0,1
15,2,user_04605,crisis_parent,retargeting,child phone monitoring,click,0,0.51,4,12,2
15,3,user_00112,crisis_parent,search,block inappropriate content,click,0,0.7622193347530272,1,0,2
15,3,user_01230,crisis_parent,search,family internet filter,click,0,0.7451181587421823,2,13,2
15,3,user_04085,crisis_parent,search,parental control app,click,0,0.6225621144229891,1,0,2
15,4,user_01214,crisis_parent,search,digital wellbeing kids,conversion,180,1.0,2,12,1
15,4,user_04820,crisis_parent,search,youtube kids alternative,click,0,0.51,1,0,1
15,5,user_01277,crisis_parent,retargeting,social media monitoring,click,0,0.7232867655300629,1,0,1
15,7,user_01990,crisis_parent,retargeting,child phone monitoring,click,0,0.5,1,0,0
15,7,user_03194,crisis_parent,retargeting,block inappropriate content,click,0,0.5,1,0,1
15,8,user_00171,crisis_parent,retargeting,youtube kids alternative,click,0,0.5,2,13,0
15,11,user_01631,crisis_parent,retargeting,screen time limits,click,0,0.4638993240564117,3,11,2
15,11,user_04839,crisis_parent,retargeting,digital wellbeing kids,click,0,0.5417648548488337,2,6,1
15,12,user_00804,crisis_parent,search,block inappropriate content,click,0,1.1955625226874211,1,0,1
15,12,user_01195,crisis_parent,retargeting,monitor kids phone,click,0,0.5,2,7,0
15,12,user_01253,tech_savvy_parent,video,digital wellbeing kids,click,0,0.5,1,0,1
15,14,user_02087,crisis_parent,retargeting,digital wellbeing kids,click,0,0.9854605205413489,1,0,3
15,14,user_04766,crisis_parent,search,child phone monitoring,click,0,1.1137352459672691,1,0,1
15,14,user_04802,crisis_parent,search,family internet filter,click,0,0.5,2,10,0
15,16,user_00956,crisis_parent,retargeting,youtube kids alternative,click,0,0.7926035273243168,1,0,2
15,17,user_04751,crisis_parent,retargeting,monitor kids phone,click,0,1.6007908778168245,4,15,3
15,18,user_00689,crisis_parent,retargeting,monitor kids phone,click,0,0.5,1,0,0
15,20,user_00435,budget_conscious,social,child phone monitoring,click,0,0.5,1,0,0
15,20,user_00643,concerned_parent,search,monitor kids phone,click,0,0.5,1,0,0
15,21,user_00368,concerned_parent,search,social media monitoring,click,0,1.6680637324532022,1,0,1
15,21,user_00398,crisis_parent,retargeting,kids online safety,click,0,4.259470020609673,4,10,2
15,21,user_00403,concerned_parent,search,youtube kids alternative,click,0,1.6193352508243326,1,0,4
15,21,user_01126,new_parent,social,youtube kids alternative,click,0,0.5,1,0,0
15,23,user_00935,crisis_parent,search,child phone monitoring,click,0,1.075916724592664,1,0,2
15,23,user_02022,crisis_parent,retargeting,screen time limits,click,0,0.5,2,2,0
15,23,user_02845,crisis_parent,retargeting,screen time limits,click,0,2.6403077706547182,2,14,4
15,23,user_04965,crisis_parent,retargeting,youtube kids alternative,click,0,1.285016609033931,1,0,1
16,0,user_03161,crisis_parent,retargeting,family internet filter,click,0,1.5250734039137948,2,14,2
16,1,user_00150,crisis_parent,search,child phone monitoring,conversion,180,7.5045246320342285,4,7,1
16,3,user_03653,crisis_parent,retargeting,parental control app,click,0,1.1567692379959362,2,11,3
16,3,user_04173,crisis_parent,search,social media monitoring,click,0,1.1252076527109107,2,2,3
16,4,user_00310,crisis_parent,retargeting,family internet filter,click,0,0.8080398011951618,2,2,2
16,6,user_04135,crisis_parent,retargeting,child phone monitoring,conversion,180,0.51,1,0,2
16,7,user_00274,crisis_parent,retargeting,monitor kids phone,click,0,1.0956138989379116,2,7,3
16,7,user_00289,crisis_parent,retargeting,parental control app,click,0,0.7925585706746625,1,0,2
16,7,user_00851,crisis_parent,retargeting,family internet filter,click,0,1.2382660217612025,2,10,2
16,8,user_03761,crisis_parent,retargeting,social media monitoring,click,0,0.5,1,0,0
16,8,user_04131,crisis_parent,search,child phone monitoring,click,0,0.5,1,0,2
16,9,user_00895,crisis_parent,retargeting,digital wellbeing kids,click,0,1.5100151553718355,2,15,2
16,9,user_01287,crisis_parent,retargeting,screen time limits,click,0,0.7317831380190801,1,0,3
16,9,user_02417,crisis_parent,retargeting,family internet filter,click,0,0.9980129673899237,1,0,3
16,9,user_03537,crisis_parent,retargeting,youtube kids alternative,click,0,0.929714534702884,1,0,3
16,10,user_04762,crisis_parent,search,youtube kids alternative,click,0,0.5,2,10,0
16,11,user_02529,crisis_parent,search,youtube kids alternative,click,0,2.9378481460153725,4,11,2
16,12,user_00245,crisis_parent,retargeting,digital wellbeing kids,click,0,0.5,1,0,1
16,12,user_01685,crisis_parent,search,digital wellbeing kids,click,0,1.305951107760874,2,9,1
16,13,user_01179,tech_savvy_parent,video,digital wellbeing kids,click,0,0.5,1,0,0
16,14,user_01246,crisis_parent,retargeting,kids online safety,click,0,0.9336017663205619,3,10,1
16,14,user_04131,crisis_parent,search,youtube kids alternative,click,0,0.5,2,0,0
16,15,user_00453,crisis_parent,retargeting,child phone monitoring,click,0,0.8248716349460506,1,0,3
16,16,user_03026,crisis_parent,search,social media monitoring,click,0,0.9937695183768692,1,0,2
16,17,user_03119,crisis_parent,retargeting,child phone monitoring,click,0,1.1432963833094612,1,0,3
16,18,user_01345,crisis_parent,search,monitor kids phone,click,0,0.5,1,0,0
16,19,user_01023,tech_savvy_parent,video,child phone monitoring,click,0,0.8859049095393253,1,0,2
16,21,user_00738,concerned_parent,social,social media monitoring,click,0,1.4968547739152045,1,0,1
16,22,user_00093,concerned_parent,search,parental control app,click,0,0.5,1,0,0
16,23,user_02884,crisis_parent,retargeting,kids online safety,click,0,1.0112433771581975,1,0,1
16,23,user_04661,crisis_parent,search,social media monitoring,click,0,0.5,2,3,0
17,0,user_02619,crisis_parent,retargeting,kids online safety,click,0,0.8666991168890884,2,7,1
17,2,user_01292,crisis_parent,search,child phone monitoring,click,0,0.51,1,0,2
17,3,user_00289,crisis_parent,retargeting,block inappropriate content,click,0,0.5,2,1,0
17,4,user_01437,crisis_parent,search,family internet filter,click,0,1.0223442773957139,2,17,1
17,4,user_04310,crisis_parent,search,screen time limits,click,0,0.5,1,0,0
17,4,user_04362,crisis_parent,retargeting,child phone monitoring,click,0,1.0300264100045398,2,6,1
17,5,user_01678,crisis_parent,search,child phone monitoring,click,0,0.51,2,4,2
17,5,user_03836,crisis_parent,search,social media monitoring,click,0,0.5,1,0,0
17,5,user_04751,crisis_parent,retargeting,youtube kids alternative,conversion,180,6.635811551812556,5,17,1
17,6,user_03651,crisis_parent,retargeting,monitor kids phone,click,0,1.333332595788608,2,16,2
17,6,user_04137,crisis_parent,retargeting,youtube kids alternative,click,0,1.0027165870077637,3,13,2
17,7,user_01327,crisis_parent,retargeting,kids online safety,click,0,0.9570241485984787,2,12,1
17,7,user_02079,crisis_parent,retargeting,child phone monitoring,click,0,2.7081490107489095,4,13,2
17,8,user_00059,crisis_parent,search,screen time limits,click,0,0.5,2,9,0
17,9,user_03452,crisis_parent,search,social media monitoring,click,0,1.1299883515221985,1,0,2
17,11,user_01949,crisis_parent,retargeting,kids online safety,click,0,0.590873362674026,2,6,2
17,12,user_00682,crisis_parent,retargeting,digital wellbeing kids,click,0,0.5,2,8,0
17,12,user_02748,tech_savvy_parent,search,monitor kids phone,click,0,0.5,1,0,2
17,13,user_01585,crisis_parent,search,digital wellbeing kids,click,0,1.4145347906170216,2,4,1
17,14,user_01250,crisis_parent,retargeting,social media monitoring,click,0,1.2949870523859208,1,0,1
17,16,user_01970,crisis_parent,retargeting,child phone monitoring,click,0,1.960603996047925,4,15,2
17,18,user_01608,crisis_parent,retargeting,screen time limits,click,0,0.5,1,0,0
17,18,user_02884,crisis_parent,search,parental control app,click,0,1.1256571686891612,2,1,1
17,19,user_00662,new_parent,display,youtube kids alternative,click,0,0.44333333333333336,1,0,1
17,19,user_01501,budget_conscious,display,monitor kids phone,click,0,0.5,1,0,0
17,20,user_00441,concerned_parent,search,youtube kids alternative,click,0,0.5,1,0,0
17,20,user_00880,concerned_parent,search,social media monitoring,click,0,0.5,1,0,1
17,22,user_00066,concerned_parent,search,child phone monitoring,click,0,0.9718751431736791,1,0,1
17,23,user_00321,crisis_parent,retargeting,screen time limits,click,0,1.3497641531326283,2,9,4
17,23,user_01327,crisis_parent,search,kids online safety,click,0,1.1022113640091433,3,12,1
17,23,user_02660,crisis_parent,search,kids online safety,click,0,1.5259489650471256,4,12,1
18,2,user_01110,crisis_parent,retargeting,screen time limits,click,0,0.5,2,14,0
18,2,user_02597,crisis_parent,search,parental control app,click,0,0.51,2,13,2
18,2,user_03189,crisis_parent,retargeting,screen time limits,conversion,180,0.7194093893175784,1,0,2
18,2,user_03666,crisis_parent,search,digital wellbeing kids,click,0,0.7413166561135969,1,0,2
18,3,user_04820,crisis_parent,search,block inappropriate content,click,0,0.5,2,3,0
18,5,user_02664,crisis_parent,retargeting,screen time limits,click,0,1.1515942425282266,3,8,2
18,6,user_00059,crisis_parent,retargeting,family internet filter,click,0,0.5,3,10,0
18,6,user_00569,crisis_parent,retargeting,youtube kids alternative,click,0,0.6317738948477668,1,0,2
18,6,user_01250,crisis_parent,search,child phone monitoring,click,0,0.44333333333333336,2,1,1
18,6,user_01659,crisis_parent,retargeting,social media monitoring,click,0,1.0929840478025683,2,4,2
18,6,user_04819,crisis_parent,search,social media monitoring,click,0,0.5,1,0,0
18,9,user_00992,crisis_parent,retargeting,monitor kids phone,click,0,1.2010206723980013,1,0,2
18,9,user_01504,crisis_parent,search,family internet filter,click,0,1.133785448407182,1,0,2
18,10,user_02542,crisis_parent,retargeting,block inappropriate content,click,0,1.3692195480851657,1,0,3
18,10,user_04395,crisis_parent,search,social media monitoring,click,0,1.5414096426052946,1,0,2
18,11,user_02942,crisis_parent,search,family internet filter,click,0,0.5,1,0,0
18,12,user_03495,crisis_parent,search,family internet filter,click,0,0.5,1,0,2
18,13,user_00168,crisis_parent,retargeting,digital wellbeing kids,click,0,2.2459944247297727,3,13,3
18,13,user_00279,tech_savvy_parent,search,digital wellbeing kids,click,0,0.5,1,0,1
18,13,user_00681,crisis_parent,search,family internet filter,click,0,0.5,1,0,2
18,13,user_03250,crisis_parent,retargeting,kids online safety,conversion,180,1.5,3,12,0
18,14,user_01640,crisis_parent,retargeting,youtube kids alternative,click,0,2.2001554005583963,2,5,2
18,14,user_02557,crisis_parent,retargeting,screen time limits,click,0,1.233762114039735,1,0,1
18,16,user_01300,crisis_parent,search,kids online safety,click,0,0.5,1,0,3
18,17,user_01277,crisis_parent,search,kids online safety,click,0,0.937612107059616,2,3,1
18,19,user_00210,tech_savvy_parent,search,kids online safety,click,0,0.5,1,0,2
18,20,user_00046,concerned_parent,search,social media monitoring,click,0,1.4263021904592939,2,10,2
18,22,user_00728,concerned_parent,search,family internet filter,click,0,0.5,1,0,1
18,22,user_01315,concerned_parent,social,monitor kids phone,click,0,0.5,1,0,1
19,0,user_02160,crisis_parent,retargeting,screen time limits,click,0,0.48936055319242105,1,0,1
19,0,user_04945,crisis_parent,search,screen time limits,conversion,180,1.673286540870123,2,13,2
19,2,user_02752,crisis_parent,retargeting,family internet filter,click,0,0.5,4,16,1
19,3,user_02802,crisis_parent,retargeting,parental control app,click,0,1.1990512213429318,2,9,1
19,4,user_03867,crisis_parent,retargeting,monitor kids phone,click,0,0.5,1,0,1
19,4,user_04427,crisis_parent,search,parental control app,click,0,0.8095552142596587,2,7,3
19,5,user_01640,crisis_parent,search,social media monitoring,click,0,0.7292794024851074,3,6,1
19,5,user_02183,crisis_parent,search,kids online safety,click,0,0.5,1,0,1
19,5,user_03242,crisis_parent,search,child phone monitoring,click,0,0.44333333333333336,2,6,1
19,5,user_03483,crisis_parent,search,parental control app,click,0,0.6363176408142114,1,0,2
19,6,user_00089,crisis_parent,retargeting,youtube kids alternative,click,0,0.6147848399200688,4,16,2
19,6,user_02803,crisis_parent,retargeting,social media monitoring,click,0,0.4910249443580478,2,16,2
19,7,user_00804,crisis_parent,retargeting,parental control app,click,0,0.5,2,4,0
19,8,user_00681,crisis_parent,retargeting,parental control app,conversion,180,3.0724541523751507,2,1,2
19,9,user_02589,crisis_parent,retargeting,screen time limits,conversion,180,4.290632155462123,3,11,1
19,9,user_02812,crisis_parent,search,screen time limits,click,0,0.5,1,0,1
19,9,user_04085,crisis_parent,retargeting,parental control app,click,0,0.5,2,4,0
19,10,user_01322,crisis_parent,search,youtube kids alternative,click,0,1.3317632666130277,1,0,3
19,10,user_03963,crisis_parent,search,block inappropriate content,click,0,0.5,1,0,0
19,12,user_01091,crisis_parent,retargeting,digital wellbeing kids,click,0,1.032630105942475,2,9,1
19,12,user_02079,crisis_parent,search,digital wellbeing kids,click,0,1.9626721871223243,5,15,1
19,12,user_02669,tech_savvy_parent,video,family internet filter,click,0,0.5,1,0,0
19,14,user_03651,crisis_parent,retargeting,monitor kids phone,click,0,0.5,3,18,0
19,14,user_03702,crisis_parent,retargeting,social media monitoring,click,0,1.0662733407937228,2,6,2
19,15,user_02628,crisis_parent,search,monitor kids phone,click,0,1.2786098836515543,3,12,1
19,16,user_02366,crisis_parent,search,digital wellbeing kids,click,0,0.5,2,11,2
19,16,user_02676,crisis_parent,retargeting,youtube kids alternative,click,0,1.905524474364916,3,7,3
19,16,user_04751,crisis_parent,retargeting,digital wellbeing kids,click,0,0.5,1,0,0
19,18,user_01277,crisis_parent,retargeting,block inappropriate content,click,0,0.5,3,4,0
19,18,user_03189,crisis_parent,search,family internet filter,click,0,0.5,1,0,0
19,19,user_00719,tech_savvy_parent,video,child phone monitoring,click,0,0.5,1,0,1
19,19,user_01379,new_parent,display,parental control app,click,0,0.5,1,0,1
19,20,user_00647,crisis_parent,search,digital wellbeing kids,click,0,0.5,1,0,0
19,21,user_00017,concerned_parent,search,screen time limits,click,0,1.6225445185931082,1,0,1
19,21,user_00946,concerned_parent,search,kids online safety,click,0,0.5,1,0,0
19,23,user_00064,crisis_parent,retargeting,digital wellbeing kids,click,0,0.5255739822437698,1,0,1
19,23,user_04237,crisis_parent,retargeting,family internet filter,click,0,0.5,1,0,0
20,1,user_00171,crisis_parent,search,block inappropriate content,click,0,1.6153809591678314,3,18,1
20,1,user_04326,crisis_parent,retargeting,kids online safety,click,0,1.1421516910393537,2,10,2
20,4,user_02540,crisis_parent,search,parental control app,click,0,0.5572299396564552,1,0,2
20,6,user_03330,crisis_parent,search,screen time limits,click,0,0.5,2,7,0
20,6,user_04746,crisis_parent,retargeting,block inappropriate content,click,0,0.805996601164069,1,0,3
20,7,user_01585,crisis_parent,search,child phone monitoring,click,0,1.6004862370294515,3,7,1
20,8,user_00816,crisis_parent,retargeting,block inappropriate content,click,0,1.4137405868316983,1,0,2
20,9,user_03666,crisis_parent,retargeting,family internet filter,click,0,0.5,2,2,0
20,11,user_00525,crisis_parent,retargeting,family internet filter,click,0,0.8317539180874596,2,15,2
20,12,user_01046,tech_savvy_parent,search,family internet filter,click,0,0.5,1,0,0
20,12,user_01878,tech_savvy_parent,video,block inappropriate content,click,0,0.5,1,0,2
20,13,user_01309,crisis_parent,retargeting,digital wellbeing kids,click,0,1.9534417760215026,3,12,4
20,13,user_01623,tech_savvy_parent,video,screen time limits,click,0,0.6134549687164493,1,0,1
20,14,user_04427,crisis_parent,search,family internet filter,click,0,0.5,3,8,0
20,17,user_00039,crisis_parent,retargeting,monitor kids phone,click,0,2.231049186237485,2,15,2
20,18,user_02688,crisis_parent,search,screen time limits,click,0,0.9915765650234835,2,15,2
20,19,user_00055,budget_conscious,display,parental control app,click,0,0.44333333333333336,1,0,1
20,19,user_01031,new_parent,social,kids online safety,click,0,0.5,1,0,3
20,20,user_00448,tech_savvy_parent,video,digital wellbeing kids,click,0,0.5,1,0,0
20,21,user_00135,budget_conscious,social,monitor kids phone,click,0,0.5,1,0,0
20,22,user_00233,concerned_parent,search,monitor kids phone,click,0,0.5,1,0,0
21,2,user_02087,crisis_parent,retargeting,digital wellbeing kids,click,0,0.7174649533367519,2,6,1
21,2,user_04702,crisis_parent,search,block inappropriate content,click,0,0.5,1,0,0
21,3,user_03178,crisis_parent,search,family internet filter,click,0,0.51,2,13,1
21,5,user_04254,crisis_parent,retargeting,screen time limits,click,0,0.5,2,6,0
21,8,user_04840,crisis_parent,retargeting,social media monitoring,click,0,0.5872250216827437,1,0,1
21,10,user_01271,crisis_parent,search,family internet filter,click,0,0.5,3,16,2
21,11,user_01047,crisis_parent,search,kids online safety,click,0,0.5,1,0,2
21,11,user_03337,crisis_parent,search,digital wellbeing kids,click,0,1.418802082183315,1,0,1
21,11,user_04427,crisis_parent,retargeting,family internet filter,conversion,180,3.1212468167857015,4,9,1
21,11,user_04461,crisis_parent,retargeting,monitor kids phone,click,0,0.5,1,0,1
21,12,user_00580,crisis_parent,retargeting,block inappropriate content,conversion,180,3.0382088721778246,2,20,3
21,12,user_01001,crisis_parent,retargeting,youtube kids alternative,conversion,180,2.7071511612938535,2,15,1
21,12,user_01390,crisis_parent,search,screen time limits,click,0,2.501897057883038,2,9,2
21,12,user_01770,tech_savvy_parent,search,kids online safety,click,0,0.7481449970442319,2,10,2
21,13,user_01046,tech_savvy_parent,search,kids online safety,click,0,0.5,2,1,2
21,13,user_02119,crisis_parent,search,block inappropriate content,click,0,0.5,2,12,0
21,14,user_01957,crisis_parent,search,screen time limits,click,0,0.8441099140144421,1,0,3
21,14,user_03454,crisis_parent,retargeting,social media monitoring,click,0,0.7165762006837526,1,0,3
21,15,user_01381,crisis_parent,retargeting,parental control app,click,0,0.5,1,0,0
21,19,user_00237,budget_conscious,display,child phone monitoring,click,0,0.4655338621254101,1,0,1
21,22,user_00682,crisis_parent,search,family internet filter,click,0,0.5,3,12,0
21,22,user_01270,concerned_parent,search,kids online safety,click,0,1.6061943590499785,2,12,2
22,0,user_00539,crisis_parent,retargeting,monitor kids phone,click,0,0.5,1,0,1
22,1,user_01381,crisis_parent,search,family internet filter,click,0,2.1566711091624917,2,1,3
22,3,user_02412,crisis_parent,retargeting,digital wellbeing kids,click,0,0.51,1,0,3
22,7,user_01569,crisis_parent,retargeting,social media monitoring,click,0,3.1133254250298754,5,22,4
22,9,user_04490,crisis_parent,retargeting,screen time limits,click,0,0.5,1,0,1
22,11,user_01088,crisis_parent,search,youtube kids alternative,click,0,0.8149520975928676,2,11,3
22,11,user_04179,crisis_parent,retargeting,social media monitoring,click,0,0.5684915120587211,3,15,1
22,12,user_00988,crisis_parent,retargeting,child phone monitoring,click,0,0.5,1,0,0
22,13,user_01822,crisis_parent,retargeting,family internet filter,click,0,0.5,1,0,0
22,14,user_00245,crisis_parent,search,family internet filter,click,0,1.5022765779454896,2,6,2
22,14,user_02035,crisis_parent,retargeting,social media monitoring,click,0,0.7444324676965901,1,0,2
22,14,user_04023,crisis_parent,retargeting,screen time limits,click,0,0.51,1,0,2
22,14,user_04751,crisis_parent,retargeting,digital wellbeing kids,click,0,0.7398606701217353,2,3,3
22,15,user_04751,crisis_parent,retargeting,youtube kids alternative,click,0,0.5,3,3,0
22,18,user_02914,crisis_parent,retargeting,youtube kids alternative,click,0,1.2825631903744348,2,14,2
22,18,user_04349,crisis_parent,retargeting,screen time limits,click,0,0.5781048660939325,1,0,1
22,19,user_00061,crisis_parent,retargeting,monitor kids phone,click,0,0.5,1,0,1
22,21,user_00147,concerned_parent,search,kids online safety,click,0,1.185692249018449,1,0,1
22,21,user_00489,crisis_parent,retargeting,youtube kids alternative,click,0,0.5,1,0,0
22,21,user_00535,new_parent,social,digital wellbeing kids,click,0,0.7700482095943971,1,0,2
22,22,user_00056,concerned_parent,search,screen time limits,click,0,1.3008540378509166,1,0,3
22,22,user_01329,concerned_parent,search,family internet filter,click,0,1.5808800670546812,1,0,2
23,0,user_01504,crisis_parent,retargeting,monitor kids phone,click,0,0.5,2,5,0
23,0,user_01585,crisis_parent,search,child phone monitoring,conversion,180,4.015021027646473,4,10,0
23,0,user_04766,crisis_parent,search,social media monitoring,click,0,0.5,2,8,1
23,1,user_01869,crisis_parent,retargeting,block inappropriate content,click,0,0.5,2,13,0
23,1,user_02741,crisis_parent,search,parental control app,click,0,0.9341914959670855,1,0,2
23,2,user_01859,crisis_parent,search,kids online safety,click,0,0.7414836671995891,1,0,1
23,2,user_01970,crisis_parent,search,monitor kids phone,click,0,3.361510308516558,5,21,1
23,2,user_04564,crisis_parent,search,family internet filter,click,0,0.5575957953538005,1,0,2
23,4,user_00749,crisis_parent,search,kids online safety,click,0,0.72373871070681,1,0,2
23,4,user_04819,crisis_parent,search,kids online safety,click,0,0.9140262440640915,2,5,2
23,5,user_01214,crisis_parent,retargeting,monitor kids phone,click,0,0.5,1,0,1
23,5,user_02087,crisis_parent,retargeting,social media monitoring,click,0,0.44333333333333336,3,8,1
23,5,user_03694,crisis_parent,search,digital wellbeing kids,click,0,0.44333333333333336,1,0,2
23,7,user_01519,crisis_parent,retargeting,child phone monitoring,click,0,0.5,1,0,0
23,9,user_00747,crisis_parent,search,parental control app,click,0,1.044175551010332,3,23,2
23,9,user_01713,crisis_parent,retargeting,family internet filter,click,0,1.3503409445770325,1,0,1
23,10,user_00181,crisis_parent,search,youtube kids alternative,click,0,0.9986891699931726,1,0,2
23,10,user_02529,crisis_parent,retargeting,kids online safety,click,0,1.525671777345102,5,18,2
23,11,user_04414,crisis_parent,search,block inappropriate content,click,0,0.5,2,9,1
23,12,user_01630,tech_savvy_parent,video,child phone monitoring,click,0,0.5,1,0,2
23,13,user_00269,tech_savvy_parent,search,child phone monitoring,click,0,0.6569730656336055,1,0,3
23,13,user_02289,crisis_parent,retargeting,monitor kids phone,click,0,1.5048414754323223,2,13,3
23,14,user_01250,crisis_parent,retargeting,block inappropriate content,click,0,2.0727182704366047,3,6,1
23,14,user_03012,crisis_parent,search,social media monitoring,conversion,180,1.5,3,21,0
23,15,user_01631,crisis_parent,retargeting,block inappropriate content,click,0,1.7709166084032917,4,19,2
23,15,user_03751,crisis_parent,search,block inappropriate content,click,0,0.5,1,0,2
23,20,user_00310,crisis_parent,search,monitor kids phone,click,0,2.3041617367692724,3,9,2
23,21,user_00237,budget_conscious,social,screen time limits,click,0,0.8678258949177445,2,2,2
23,22,user_00158,crisis_parent,retargeting,parental control app,click,0,1.538965582817499,2,23,3
23,22,user_00517,concerned_parent,social,digital wellbeing kids,click,0,1.1845274745997267,2,11,3
23,22,user_00942,concerned_parent,search,block inappropriate content,click,0,0.5,1,0,0
23,22,user_02046,concerned_parent,social,block inappropriate content,click,0,0.5,1,0,0
24,0,user_00987,crisis_parent,search,block inappropriate content,click,0,0.5,2,10,0
24,1,user_02398,crisis_parent,retargeting,youtube kids alternative,click,0,2.442034577484427,2,20,4
24,4,user_02606,crisis_parent,retargeting,parental control app,click,0,0.5,1,0,0
24,5,user_01418,crisis_parent,retargeting,parental control app,click,0,0.4766666666666667,2,19,1
24,6,user_00809,crisis_parent,retargeting,digital wellbeing kids,click,0,0.44333333333333336,1,0,1
24,6,user_04676,crisis_parent,retargeting,kids online safety,click,0,0.5,1,0,1
24,7,user_01010,crisis_parent,search,monitor kids phone,click,0,1.379316855304746,1,0,1
24,8,user_01629,crisis_parent,retargeting,youtube kids alternative,click,0,0.5,1,0,0
24,9,user_01420,crisis_parent,retargeting,social media monitoring,click,0,0.8888524570614751,2,13,2
24,12,user_00172,tech_savvy_parent,video,digital wellbeing kids,click,0,0.7464929204079125,1,0,3
24,12,user_00448,tech_savvy_parent,video,youtube kids alternative,click,0,0.6979441151606964,2,4,1
24,12,user_01742,tech_savvy_parent,video,parental control app,click,0,0.5,1,0,1
24,12,user_02073,tech_savvy_parent,video,screen time limits,click,0,0.44333333333333336,1,0,1
24,13,user_01957,crisis_parent,search,family internet filter,click,0,1.6905280013806723,2,3,3
24,14,user_02074,crisis_parent,search,social media monitoring,click,0,0.7777745980997636,3,24,1
24,15,user_00530,crisis_parent,search,screen time limits,conversion,180,0.9654142110140539,1,0,2
24,17,user_01967,crisis_parent,retargeting,social media monitoring,click,0,0.8221389922358614,2,21,3
24,17,user_03171,crisis_parent,retargeting,parental control app,click,0,0.5,1,0,0
24,19,user_01326,tech_savvy_parent,search,social media monitoring,click,0,0.5,1,0,1
24,19,user_01400,budget_conscious,social,digital wellbeing kids,click,0,0.5,1,0,2
24,19,user_01552,crisis_parent,retargeting,kids online safety,click,0,0.5,4,19,0
24,21,user_00837,crisis_parent,search,child phone monitoring,click,0,1.4940512727714539,1,0,1
24,22,user_00278,concerned_parent,search,kids online safety,click,0,0.5,1,0,1
24,22,user_00352,concerned_parent,search,kids online safety,click,0,0.5,1,0,0
24,22,user_01461,concerned_parent,search,kids online safety,click,0,1.658038406406391,1,0,2
24,23,user_01230,crisis_parent,search,digital wellbeing kids,conversion,180,2.3879724079520606,3,22,1
25,1,user_03637,crisis_parent,search,youtube kids alternative,click,0,0.5,3,20,0
25,4,user_02918,crisis_parent,search,youtube kids alternative,click,0,0.5,1,0,0
25,6,user_00682,crisis_parent,search,kids online safety,click,0,1.7781769388804132,4,16,2
25,6,user_01949,crisis_parent,retargeting,block inappropriate content,click,0,1.0594256270172508,3,14,3
25,7,user_01195,crisis_parent,retargeting,parental control app,click,0,2.5612076306347724,3,17,3
25,7,user_02771,crisis_parent,search,screen time limits,click,0,1.1511740265136488,2,18,2
25,7,user_04965,crisis_parent,retargeting,child phone monitoring,click,0,0.6212688947542698,2,10,1
25,9,user_01931,crisis_parent,search,monitor kids phone,click,0,0.5,1,0,2
25,9,user_03391,crisis_parent,search,social media monitoring,click,0,0.8601174786797314,2,12,2
25,10,user_02087,crisis_parent,retargeting,youtube kids alternative,conversion,180,3.156512664596038,4,10,1
25,10,user_02697,crisis_parent,search,social media monitoring,click,0,1.492378194042034,1,0,1
25,10,user_03446,crisis_parent,retargeting,block inappropriate content,click,0,0.5,1,0,0
25,11,user_04089,crisis_parent,retargeting,family internet filter,click,0,0.5,2,16,0
25,12,user_01530,crisis_parent,retargeting,family internet filter,click,0,1.532084550041683,4,22,2
25,13,user_03042,tech_savvy_parent,search,child phone monitoring,click,0,0.7047930466002926,1,0,1
25,15,user_00007,crisis_parent,retargeting,block inappropriate content,click,0,0.5,3,24,0
25,15,user_04911,crisis_parent,retargeting,digital wellbeing kids,click,0,0.5943164389113322,2,16,1
25,16,user_00816,crisis_parent,retargeting,social media monitoring,click,0,0.7087057936460056,2,5,2
25,17,user_04093,crisis_parent,retargeting,monitor kids phone,click,0,0.5,3,13,0
25,18,user_01688,crisis_parent,retargeting,parental control app,conversion,180,3.3615838639733573,2,11,5
25,18,user_04326,crisis_parent,retargeting,family internet filter,conversion,180,2.855881780653962,3,15,0
25,19,user_01117,tech_savvy_parent,video,family internet filter,click,0,1.0786374745068923,1,0,2
25,19,user_01479,new_parent,social,block inappropriate content,click,0,0.5,1,0,2
25,20,user_00788,concerned_parent,search,social media monitoring,click,0,0.5,1,0,0
25,21,user_00350,crisis_parent,search,parental control app,click,0,0.9684986163983823,2,11,1
25,21,user_00466,concerned_parent,search,parental control app,conversion,180,2.1915413427154364,2,19,1
25,21,user_00642,crisis_parent,search,digital wellbeing kids,click,0,0.5,2,21,1
25,21,user_00875,concerned_parent,search,youtube kids alternative,click,0,0.5,1,0,0
25,22,user_01271,crisis_parent,retargeting,parental control app,click,0,0.5,4,20,0
25,23,user_01931,crisis_parent,search,youtube kids alternative,click,0,0.5,2,0,0
26,0,user_01316,crisis_parent,search,youtube kids alternative,click,0,3.539063349103468,4,24,2
26,0,user_01829,crisis_parent,retargeting,family internet filter,click,0,0.5,1,0,0
26,0,user_02662,crisis_parent,retargeting,screen time limits,click,0,0.6472824377843621,2,18,1
26,0,user_03751,crisis_parent,retargeting,block inappropriate content,click,0,1.2499748840073805,2,3,3
26,1,user_04840,crisis_parent,retargeting,screen time limits,click,0,1.0008946255783293,2,5,1
26,2,user_00930,crisis_parent,retargeting,block inappropriate content,click,0,1.2134476752673624,3,22,2
26,5,user_02652,crisis_parent,retargeting,kids online safety,click,0,0.5793090797273094,2,18,2
26,6,user_00065,crisis_parent,search,screen time limits,click,0,0.7148489417729051,1,0,2
26,6,user_00809,crisis_parent,search,youtube kids alternative,click,0,0.758473598119729,2,2,2
26,6,user_03328,crisis_parent,search,child phone monitoring,click,0,0.5489802045043218,1,0,1
26,6,user_03702,crisis_parent,retargeting,child phone monitoring,click,0,1.2590780750849677,3,13,4
26,7,user_00618,crisis_parent,retargeting,social media monitoring,conversion,180,4.806297436010851,4,17,0
26,7,user_02872,crisis_parent,retargeting,monitor kids phone,click,0,1.4473345386479917,1,0,1
26,7,user_03617,crisis_parent,search,family internet filter,click,0,0.9798382132483621,1,0,3
26,8,user_03208,crisis_parent,retargeting,family internet filter,click,0,1.0973398689749159,2,24,1
26,9,user_00989,crisis_parent,retargeting,digital wellbeing kids,click,0,1.0647713989690917,2,20,2
26,9,user_01585,crisis_parent,retargeting,monitor kids phone,click,0,0.5,1,0,0
26,9,user_02664,crisis_parent,retargeting,family internet filter,click,0,3.954297432594437,4,16,1
26,10,user_01020,crisis_parent,retargeting,block inappropriate content,click,0,1.5016834493514486,1,0,3
26,10,user_03617,crisis_parent,retargeting,child phone monitoring,click,0,2.3938116696700757,2,0,2
26,11,user_00049,crisis_parent,retargeting,digital wellbeing kids,click,0,2.4613679005991234,2,21,1
26,11,user_01356,crisis_parent,retargeting,social media monitoring,click,0,1.1760709399780778,3,19,2
26,12,user_00039,crisis_parent,retargeting,youtube kids alternative,click,0,0.5,3,21,0
26,13,user_01345,crisis_parent,search,social media monitoring,conversion,180,1.3765401271012672,2,10,2
26,13,user_01623,tech_savvy_parent,search,family internet filter,click,0,0.5,2,6,0
26,13,user_01841,tech_savvy_parent,search,monitor kids phone,click,0,0.5,2,14,1
26,15,user_03751,crisis_parent,retargeting,block inappropriate content,click,0,1.8475967814695478,3,3,1
26,15,user_04950,crisis_parent,retargeting,parental control app,click,0,0.6497074913935188,1,0,2
26,16,user_00089,crisis_parent,search,child phone monitoring,click,0,3.2118284285745315,5,23,2
26,16,user_02662,crisis_parent,search,digital wellbeing kids,click,0,2.9930951802347794,3,18,2
26,16,user_03532,crisis_parent,search,screen time limits,conversion,180,0.5,1,0,1
26,16,user_04362,crisis_parent,search,youtube kids alternative,click,0,0.5,3,15,0
26,17,user_04924,crisis_parent,search,monitor kids phone,click,0,0.5,1,0,0
26,19,user_00632,tech_savvy_parent,video,monitor kids phone,click,0,0.5,1,0,1
26,20,user_00385,new_parent,display,kids online safety,click,0,0.8325245728562248,1,0,3
26,20,user_00436,concerned_parent,search,parental control app,click,0,0.5,1,0,0
26,20,user_00696,concerned_parent,search,social media monitoring,click,0,0.5,1,0,0
26,21,user_00043,concerned_parent,search,block inappropriate content,click,0,0.5,1,0,2
26,21,user_00262,concerned_parent,search,child phone monitoring,click,0,1.5006055114501353,1,0,3
26,22,user_00814,concerned_parent,social,digital wellbeing kids,click,0,0.5,1,0,0
26,23,user_01754,crisis_parent,search,monitor kids phone,click,0,0.5,1,0,1
26,23,user_04023,crisis_parent,search,screen time limits,click,0,0.5,2,4,1
27,0,user_02606,crisis_parent,search,digital wellbeing kids,conversion,180,1.2709549452559536,2,3,2
27,0,user_03852,crisis_parent,search,family internet filter,click,0,0.5,1,0,1
27,1,user_02914,crisis_parent,retargeting,kids online safety,click,0,1.446875860972101,3,19,2
27,1,user_03637,crisis_parent,search,monitor kids phone,click,0,1.6700060086426751,4,22,1
27,2,user_00816,crisis_parent,search,kids online safety,click,0,0.727009865973782,3,7,1
27,2,user_00930,crisis_parent,retargeting,block inappropriate content,click,0,0.5,4,23,1
27,4,user_04368,crisis_parent,search,kids online safety,click,0,0.5,2,27,0
27,6,user_03803,crisis_parent,retargeting,youtube kids alternative,click,0,0.51,1,0,1
27,6,user_04987,crisis_parent,search,child phone monitoring,click,0,1.1461142504296924,2,24,3
27,7,user_01740,crisis_parent,retargeting,digital wellbeing kids,click,0,0.5,1,0,1
27,7,user_03626,crisis_parent,retargeting,block inappropriate content,click,0,0.5,2,18,1
27,9,user_04497,crisis_parent,retargeting,monitor kids phone,click,0,0.5,1,0,2
27,10,user_03469,crisis_parent,retargeting,youtube kids alternative,click,0,0.5,1,0,1
27,11,user_03242,crisis_parent,search,monitor kids phone,click,0,1.565104139005771,3,14,2
27,12,user_01869,crisis_parent,retargeting,family internet filter,click,0,0.5,3,17,0
27,12,user_01976,tech_savvy_parent,video,parental control app,click,0,0.5,1,0,0
27,13,user_01629,crisis_parent,retargeting,block inappropriate content,click,0,0.5,2,3,1
27,13,user_02195,crisis_parent,retargeting,child phone monitoring,conversion,180,2.019792961132007,3,21,1
27,13,user_02742,tech_savvy_parent,search,family internet filter,click,0,0.5,1,0,1
27,14,user_00725,crisis_parent,search,digital wellbeing kids,click,0,0.5,1,0,1
27,14,user_02540,crisis_parent,retargeting,monitor kids phone,click,0,2.445778273581879,2,7,3
27,15,user_00451,crisis_parent,search,youtube kids alternative,click,0,0.8181862031634791,1,0,2
27,15,user_04911,crisis_parent,retargeting,family internet filter,click,0,1.5947165087108388,3,18,1
27,17,user_00181,crisis_parent,retargeting,digital wellbeing kids,click,0,0.5,2,4,0
27,17,user_03245,crisis_parent,search,youtube kids alternative,click,0,0.5,2,25,0
27,18,user_04152,crisis_parent,retargeting,digital wellbeing kids,click,0,0.5,1,0,0
27,18,user_04425,crisis_parent,retargeting,block inappropriate content,click,0,1.5392478662071722,3,25,2
27,18,user_04564,crisis_parent,retargeting,social media monitoring,click,0,2.528168365970043,2,4,1
27,19,user_00642,crisis_parent,retargeting,block inappropriate content,click,0,0.5,3,23,0
27,20,user_00068,concerned_parent,search,block inappropriate content,click,0,0.5,2,27,3
27,20,user_00382,tech_savvy_parent,search,monitor kids phone,click,0,0.5,2,14,1
27,21,user_00361,concerned_parent,search,child phone monitoring,click,0,0.5,1,0,0
27,22,user_00925,concerned_parent,search,child phone monitoring,click,0,0.5,1,0,1
28,0,user_00187,crisis_parent,retargeting,screen time limits,click,0,0.5,1,0,1
28,1,user_03272,crisis_parent,retargeting,child phone monitoring,click,0,1.2285853587495188,1,0,3
28,2,user_00453,crisis_parent,search,block inappropriate content,click,0,0.5,2,12,1
28,2,user_04762,crisis_parent,search,monitor kids phone,conversion,180,2.541133346137887,3,22,0
28,3,user_01973,crisis_parent,search,child phone monitoring,click,0,0.5,1,0,0
28,3,user_02882,crisis_parent,search,child phone monitoring,conversion,180,2.4194352816056264,3,21,2
28,7,user_00654,crisis_parent,search,block inappropriate content,click,0,0.5,1,0,0
28,7,user_04387,crisis_parent,search,child phone monitoring,click,0,1.150182914456897,2,27,1
28,8,user_04945,crisis_parent,retargeting,family internet filter,click,0,0.5,1,0,1
28,10,user_01889,crisis_parent,retargeting,digital wellbeing kids,click,0,1.0380794202743677,2,20,1
28,13,user_01356,crisis_parent,retargeting,family internet filter,click,0,0.8552005791023183,4,21,1
28,15,user_01214,crisis_parent,search,youtube kids alternative,click,0,0.5,2,5,0
28,15,user_03803,crisis_parent,retargeting,screen time limits,click,0,2.016602399183434,2,1,2
28,16,user_03491,crisis_parent,retargeting,screen time limits,click,0,0.5,1,0,0
28,17,user_01853,crisis_parent,retargeting,kids online safety,click,0,0.926503397384248,2,16,1
28,17,user_02318,crisis_parent,search,family internet filter,click,0,1.0032053925772058,1,0,2
28,18,user_00325,crisis_parent,retargeting,youtube kids alternative,click,0,2.077238377406408,2,19,3
28,18,user_04702,crisis_parent,search,kids online safety,click,0,1.594796245851961,2,7,3
28,19,user_00889,tech_savvy_parent,search,family internet filter,click,0,0.5,1,0,1
28,21,user_01011,concerned_parent,search,digital wellbeing kids,click,0,0.5,1,0,0
28,23,user_00267,crisis_parent,retargeting,youtube kids alternative,click,0,0.6334875686743652,2,21,1
28,23,user_04965,crisis_parent,retargeting,child phone monitoring,click,0,2.603798740975367,3,13,1
29,0,user_01500,crisis_parent,retargeting,youtube kids alternative,click,0,1.1085194082212857,1,0,1
29,1,user_02004,crisis_parent,search,family internet filter,click,0,0.5,3,24,0
29,2,user_03245,crisis_parent,retargeting,kids online safety,click,0,0.44333333333333336,3,27,3
29,3,user_01250,crisis_parent,retargeting,digital wellbeing kids,click,0,0.5415606759025572,4,12,1
29,5,user_04135,crisis_parent,search,parental control app,click,0,0.7509596782769601,1,0,1
29,6,user_03167,crisis_parent,retargeting,block inappropriate content,click,0,0.5,2,15,1
29,7,user_00158,crisis_parent,search,family internet filter,click,0,1.4417394026125834,3,29,1
29,7,user_01356,crisis_parent,search,kids online safety,click,0,0.948463248499037,5,22,1
29,7,user_01957,crisis_parent,search,child phone monitoring,click,0,0.5,3,8,1
29,7,user_04222,crisis_parent,search,digital wellbeing kids,click,0,1.3048386702534749,1,0,2
29,9,user_01889,crisis_parent,retargeting,youtube kids alternative,click,0,0.5,3,21,1
29,9,user_02396,crisis_parent,search,family internet filter,click,0,0.5,3,28,0
29,9,user_03086,crisis_parent,retargeting,family internet filter,conversion,180,1.6120848606461988,2,17,2
29,10,user_00267,crisis_parent,retargeting,parental control app,click,0,1.0114036399942132,3,22,1
29,10,user_02872,crisis_parent,search,kids online safety,click,0,0.5,2,3,1
29,10,user_04519,crisis_parent,search,monitor kids phone,click,0,1.475250698836722,1,0,1
29,11,user_00380,crisis_parent,retargeting,parental control app,click,0,0.8473947519874024,1,0,2
29,11,user_02183,crisis_parent,retargeting,kids online safety,click,0,1.2691613244536468,2,10,1
29,11,user_04950,crisis_parent,search,parental control app,click,0,0.5,2,3,0
29,12,user_00398,crisis_parent,retargeting,social media monitoring,click,0,0.5,5,24,0
29,12,user_01129,tech_savvy_parent,search,monitor kids phone,click,0,0.5,1,0,1
29,12,user_01678,crisis_parent,search,screen time limits,click,0,1.0458987832496838,3,16,2
29,12,user_02625,tech_savvy_parent,search,kids online safety,click,0,0.5,1,0,2
29,14,user_00158,crisis_parent,retargeting,family internet filter,conversion,180,4.6793746087201535,4,29,1
29,14,user_00851,crisis_parent,search,block inappropriate content,click,0,0.5,3,23,1
29,14,user_01631,crisis_parent,retargeting,parental control app,click,0,2.598210402686047,5,25,3
29,14,user_04173,crisis_parent,search,parental control app,click,0,1.1617883134827514,3,15,1
29,14,user_04651,crisis_parent,search,parental control app,click,0,0.5,2,21,0
29,16,user_01347,crisis_parent,search,digital wellbeing kids,click,0,1.1811742567261885,2,29,3
29,18,user_00389,crisis_parent,retargeting,screen time limits,click,0,0.5,1,0,0
29,18,user_01277,crisis_parent,retargeting,social media monitoring,click,0,1.0664813449589843,4,14,2
29,18,user_02359,crisis_parent,retargeting,child phone monitoring,click,0,0.7677793377839227,2,17,2
29,19,user_00965,tech_savvy_parent,search,social media monitoring,click,0,0.8824501344600771,2,22,2
29,20,user_00093,concerned_parent,search,youtube kids alternative,click,0,1.1512298535918881,2,13,2
29,21,user_00117,concerned_parent,search,child phone monitoring,click,0,0.9773570947373375,1,0,1
29,21,user_00137,concerned_parent,search,kids online safety,click,0,0.5,1,0,1
29,22,user_01437,crisis_parent,search,kids online safety,click,0,3.0865185355753577,3,29,2
29,23,user_04619,crisis_parent,retargeting,social media monitoring,click,0,0.6481254809738481,1,0,3
